Don_Left,Don_Right,Ka_Left,Ka_Right,Label
314,0,289,11,Don_Left
431,0,352,18,Don_Left
356,2,11,1,Don_Left
513,0,74,5,Don_Left
370,0,18,2,Don_Left
520,0,38,4,Don_Left
423,0,19,3,Don_Left
545,0,18,9,Don_Left
456,0,21,9,Don_Left
450,0,14,10,Don_Left
532,0,192,9,Don_Left
536,3,6,3,Don_Left
401,0,19,2,Don_Left
514,0,229,9,Don_Left
570,0,186,8,Don_Left
509,0,47,2,Don_Left
525,0,50,1,Don_Left
440,0,57,7,Don_Left
504,0,24,3,Don_Left
541,0,14,1,Don_Left
595,0,9,3,Don_Left
554,0,54,3,Don_Left
540,0,17,1,Don_Left
545,0,11,4,Don_Left
484,0,5,4,Don_Left
509,0,120,5,Don_Left
467,0,11,8,Don_Left
418,0,137,5,Don_Left
388,0,281,13,Don_Left
419,0,400,11,Don_Left
370,0,375,18,Don_Left
392,0,440,17,Don_Left
406,0,463,13,Don_Left
429,0,357,13,Don_Left
399,0,282,9,Don_Left
365,0,265,12,Don_Left
402,0,306,12,Don_Left
360,0,304,10,Don_Left
427,0,308,11,Don_Left
422,0,264,10,Don_Left
403,0,332,18,Don_Left
394,0,348,17,Don_Left
462,0,404,12,Don_Left
365,0,483,15,Don_Left
293,0,281,20,Don_Left
343,0,443,65,Don_Left
377,0,470,65,Don_Left
390,0,512,24,Don_Left
308,0,284,12,Don_Left
319,0,268,6,Don_Left
425,0,523,124,Don_Left
376,0,491,66,Don_Left
352,0,310,23,Don_Left
355,0,461,101,Don_Left
290,0,434,58,Don_Left
435,1,389,86,Don_Left
393,0,376,71,Don_Left
408,0,389,59,Don_Left
449,0,357,96,Don_Left
443,0,427,38,Don_Left
468,0,391,31,Don_Left
451,0,139,13,Don_Left
451,0,398,26,Don_Left
410,0,365,32,Don_Left
341,0,223,22,Don_Left
505,0,108,16,Don_Left
484,2,284,20,Don_Left
486,0,125,7,Don_Left
529,0,309,29,Don_Left
497,0,18,4,Don_Left
493,0,9,5,Don_Left
567,0,48,4,Don_Left
521,0,16,3,Don_Left
450,0,48,1,Don_Left
506,1,155,4,Don_Left
494,2,254,5,Don_Left
503,0,279,8,Don_Left
446,0,370,10,Don_Left
457,0,199,5,Don_Left
481,0,320,8,Don_Left
446,0,361,9,Don_Left
463,0,197,7,Don_Left
463,0,377,10,Don_Left
361,0,302,10,Don_Left
441,0,446,21,Don_Left
439,0,450,21,Don_Left
426,0,397,18,Don_Left
371,0,360,13,Don_Left
398,0,342,11,Don_Left
429,0,343,14,Don_Left
411,0,261,6,Don_Left
429,0,132,5,Don_Left
445,0,111,3,Don_Left
476,0,116,4,Don_Left
531,0,150,3,Don_Left
521,1,14,0,Don_Left
547,0,18,1,Don_Left
520,0,13,2,Don_Left
587,0,8,0,Don_Left
587,0,10,0,Don_Left
568,0,2,0,Don_Left
561,0,14,0,Don_Left
554,2,8,0,Don_Left
585,0,13,0,Don_Left
580,0,8,1,Don_Left
585,0,5,0,Don_Left
550,0,153,2,Don_Left
563,0,0,9,Don_Left
563,0,5,6,Don_Left
612,1,5,0,Don_Left
537,0,16,1,Don_Left
584,0,17,1,Don_Left
537,0,4,0,Don_Left
489,0,15,0,Don_Left
477,0,8,0,Don_Left
505,0,8,1,Don_Left
402,0,17,0,Don_Left
523,0,10,2,Don_Left
507,0,18,4,Don_Left
476,0,3,3,Don_Left
530,0,87,3,Don_Left
490,0,75,1,Don_Left
448,0,20,3,Don_Left
458,0,85,2,Don_Left
491,0,224,4,Don_Left
447,0,217,10,Don_Left
447,0,200,4,Don_Left
449,0,317,8,Don_Left
452,0,291,8,Don_Left
410,0,288,11,Don_Left
432,0,345,11,Don_Left
417,0,284,8,Don_Left
393,0,359,12,Don_Left
419,1,368,10,Don_Left
350,0,274,13,Don_Left
340,0,346,8,Don_Left
341,0,446,10,Don_Left
344,0,255,3,Don_Left
296,0,458,29,Don_Left
287,0,367,29,Don_Left
334,0,505,108,Don_Left
355,0,491,81,Don_Left
292,0,406,36,Don_Left
320,0,444,32,Don_Left
316,0,461,39,Don_Left
396,0,500,99,Don_Left
386,0,496,23,Don_Left
397,0,448,19,Don_Left
383,0,361,10,Don_Left
424,0,343,10,Don_Left
459,0,433,17,Don_Left
481,0,397,19,Don_Left
446,0,347,11,Don_Left
431,0,291,12,Don_Left
456,0,247,7,Don_Left
490,0,389,10,Don_Left
453,0,257,8,Don_Left
463,0,234,5,Don_Left
506,0,276,8,Don_Left
485,0,210,5,Don_Left
449,0,327,14,Don_Left
439,0,484,12,Don_Left
392,1,478,15,Don_Left
405,0,475,41,Don_Left
345,0,426,21,Don_Left
373,0,162,2,Don_Left
458,0,460,30,Don_Left
438,0,359,6,Don_Left
364,0,394,18,Don_Left
475,0,105,2,Don_Left
506,0,465,18,Don_Left
376,0,232,4,Don_Left
342,0,311,6,Don_Left
366,0,81,2,Don_Left
383,0,402,33,Don_Left
401,0,417,17,Don_Left
429,0,139,4,Don_Left
369,0,344,24,Don_Left
477,0,383,37,Don_Left
378,0,317,15,Don_Left
455,0,428,53,Don_Left
392,0,389,38,Don_Left
421,0,432,55,Don_Left
365,0,407,32,Don_Left
413,0,409,18,Don_Left
509,0,463,21,Don_Left
415,0,331,6,Don_Left
404,0,324,8,Don_Left
441,1,488,12,Don_Left
408,0,374,9,Don_Left
447,0,355,10,Don_Left
461,0,408,15,Don_Left
458,0,440,24,Don_Left
383,0,422,17,Don_Left
467,0,430,16,Don_Left
450,0,370,15,Don_Left
432,0,404,19,Don_Left
489,0,366,10,Don_Left
422,0,462,12,Don_Left
505,0,474,21,Don_Left
571,0,459,136,Don_Left
583,0,469,121,Don_Left
547,0,447,47,Don_Left
113,0,276,16,Don_Left
593,0,492,41,Don_Left
579,0,372,17,Don_Left
527,0,390,30,Don_Left
611,0,344,12,Don_Left
533,0,341,14,Don_Left
479,0,156,4,Don_Left
586,0,307,12,Don_Left
570,0,350,24,Don_Left
564,0,373,78,Don_Left
539,0,325,50,Don_Left
611,0,468,117,Don_Left
587,0,397,74,Don_Left
640,0,495,106,Don_Left
609,0,353,39,Don_Left
587,0,317,30,Don_Left
620,0,427,36,Don_Left
612,0,372,29,Don_Left
631,0,276,26,Don_Left
634,0,349,36,Don_Left
583,0,142,15,Don_Left
625,0,340,16,Don_Left
596,0,244,6,Don_Left
445,0,111,8,Don_Left
489,0,113,8,Don_Left
580,0,273,7,Don_Left
576,0,207,10,Don_Left
515,0,170,6,Don_Left
532,0,231,10,Don_Left
557,0,214,10,Don_Left
452,0,125,2,Don_Left
463,0,73,2,Don_Left
531,0,248,20,Don_Left
520,1,535,192,Don_Left
485,0,340,33,Don_Left
591,0,364,43,Don_Left
609,2,380,52,Don_Left
573,0,468,25,Don_Left
613,0,364,9,Don_Left
610,0,428,12,Don_Left
497,0,262,6,Don_Left
540,0,419,14,Don_Left
588,0,584,18,Don_Left
483,0,375,16,Don_Left
491,0,482,16,Don_Left
564,0,525,15,Don_Left
458,0,446,15,Don_Left
476,0,421,14,Don_Left
206,0,478,20,Don_Left
481,0,570,16,Don_Left
504,0,551,25,Don_Left
475,0,454,15,Don_Left
562,1,424,15,Don_Left
603,0,532,16,Don_Left
608,0,336,13,Don_Left
548,0,362,8,Don_Left
628,0,407,10,Don_Left
597,0,362,12,Don_Left
639,0,403,12,Don_Left
550,0,322,8,Don_Left
639,0,413,14,Don_Left
673,0,459,21,Don_Left
691,1,466,11,Don_Left
635,0,438,19,Don_Left
599,1,331,10,Don_Left
630,0,310,19,Don_Left
625,0,388,33,Don_Left
504,0,251,10,Don_Left
449,0,300,11,Don_Left
426,0,154,6,Don_Left
580,11,474,44,Don_Left
546,0,439,30,Don_Left
534,8,483,64,Don_Left
524,0,428,24,Don_Left
571,0,370,30,Don_Left
589,0,243,7,Don_Left
656,2,157,6,Don_Left
609,1,246,10,Don_Left
468,1,162,6,Don_Left
490,0,82,1,Don_Left
301,0,3,1,Don_Left
603,0,333,8,Don_Left
432,0,102,3,Don_Left
309,0,0,0,Don_Left
485,0,243,5,Don_Left
582,0,299,6,Don_Left
513,1,274,8,Don_Left
594,0,326,7,Don_Left
477,0,107,8,Don_Left
471,0,211,5,Don_Left
260,0,115,4,Don_Left
480,0,423,12,Don_Left
363,0,292,13,Don_Left
504,0,454,15,Don_Left
493,0,386,14,Don_Left
599,0,425,18,Don_Left
595,0,379,8,Don_Left
551,0,377,13,Don_Left
350,0,293,9,Don_Left
410,0,553,11,Don_Left
492,0,497,15,Don_Left
449,2,379,11,Don_Left
430,1,416,17,Don_Left
313,0,417,12,Don_Left
415,0,451,23,Don_Left
499,0,543,72,Don_Left
368,0,401,12,Don_Left
497,0,523,26,Don_Left
541,0,391,56,Don_Left
552,0,411,43,Don_Left
542,0,407,41,Don_Left
407,0,291,5,Don_Left
518,0,376,20,Don_Left
574,0,315,10,Don_Left
447,0,249,7,Don_Left
529,0,545,25,Don_Left
375,0,223,8,Don_Left
571,0,503,35,Don_Left
507,1,298,22,Don_Left
294,0,0,0,Don_Left
573,0,329,11,Don_Left
466,0,187,7,Don_Left
215,0,5,0,Don_Left
652,0,441,42,Don_Left
597,0,376,21,Don_Left
584,0,217,12,Don_Left
495,0,334,23,Don_Left
502,2,529,26,Don_Left
520,0,488,24,Don_Left
592,0,456,44,Don_Left
564,2,36,0,Don_Left
550,0,563,125,Don_Left
491,0,408,20,Don_Left
229,0,48,3,Don_Left
626,0,456,25,Don_Left
599,0,16,1,Don_Left
535,0,273,7,Don_Left
618,0,336,9,Don_Left
392,0,199,6,Don_Left
421,0,373,9,Don_Left
376,0,204,6,Don_Left
564,0,384,13,Don_Left
618,0,391,15,Don_Left
626,0,401,12,Don_Left
595,0,382,12,Don_Left
528,0,277,12,Don_Left
557,0,264,8,Don_Left
614,0,461,15,Don_Left
672,1,356,10,Don_Left
589,0,176,5,Don_Left
481,0,24,1,Don_Left
520,0,388,12,Don_Left
377,0,130,2,Don_Left
454,0,211,7,Don_Left
438,0,378,12,Don_Left
452,0,364,14,Don_Left
450,0,313,12,Don_Left
430,0,434,13,Don_Left
444,0,452,16,Don_Left
471,0,447,15,Don_Left
529,0,480,20,Don_Left
459,0,481,12,Don_Left
504,0,560,14,Don_Left
519,0,473,23,Don_Left
449,0,452,23,Don_Left
491,0,564,14,Don_Left
525,0,581,14,Don_Left
458,0,457,15,Don_Left
449,0,413,12,Don_Left
505,0,515,18,Don_Left
434,0,391,14,Don_Left
513,0,420,13,Don_Left
112,0,89,1,Don_Left
64,0,347,8,Don_Left
578,0,387,17,Don_Left
585,0,431,14,Don_Left
552,0,405,17,Don_Left
546,0,336,9,Don_Left
651,1,331,9,Don_Left
519,0,284,4,Don_Left
590,0,14,1,Don_Left
610,2,356,9,Don_Left
571,0,374,10,Don_Left
552,0,402,12,Don_Left
355,0,169,7,Don_Left
553,1,421,20,Don_Left
587,1,488,29,Don_Left
483,0,433,13,Don_Left
560,0,354,20,Don_Left
515,0,231,7,Don_Left
383,0,82,1,Don_Left
567,1,337,12,Don_Left
482,0,201,5,Don_Left
569,0,179,7,Don_Left
518,0,349,12,Don_Left
441,0,429,10,Don_Left
342,0,304,9,Don_Left
91,3,419,106,Don_Right
121,0,446,138,Don_Right
93,0,452,123,Don_Right
73,0,406,73,Don_Right
106,0,417,66,Don_Right
141,0,464,119,Don_Right
119,0,417,70,Don_Right
190,0,437,79,Don_Right
128,1,424,64,Don_Right
185,0,471,88,Don_Right
115,0,425,83,Don_Right
113,0,388,78,Don_Right
2,3,421,104,Don_Right
97,0,416,128,Don_Right
0,0,408,81,Don_Right
95,0,393,119,Don_Right
79,0,431,118,Don_Right
77,0,405,102,Don_Right
91,0,485,100,Don_Right
82,1,409,110,Don_Right
82,0,429,89,Don_Right
98,0,406,84,Don_Right
74,0,438,104,Don_Right
0,0,394,124,Don_Right
0,0,437,109,Don_Right
1,0,373,50,Don_Right
0,0,466,68,Don_Right
0,0,393,75,Don_Right
0,0,470,53,Don_Right
0,0,387,75,Don_Right
1,0,343,67,Don_Right
0,0,413,117,Don_Right
0,0,368,72,Don_Right
1,0,391,87,Don_Right
78,0,420,108,Don_Right
101,0,452,89,Don_Right
219,0,469,105,Don_Right
244,0,474,83,Don_Right
256,2,445,74,Don_Right
315,1,454,23,Don_Right
277,0,412,28,Don_Right
242,0,430,94,Don_Right
230,0,420,65,Don_Right
280,0,432,29,Don_Right
221,0,449,38,Don_Right
236,4,448,60,Don_Right
138,0,420,78,Don_Right
88,0,398,21,Don_Right
139,2,428,89,Don_Right
139,0,403,71,Don_Right
113,0,448,61,Don_Right
146,1,473,80,Don_Right
103,0,476,37,Don_Right
146,0,476,97,Don_Right
96,0,477,78,Don_Right
95,0,389,47,Don_Right
45,0,437,87,Don_Right
118,0,397,88,Don_Right
233,0,494,148,Don_Right
127,0,438,109,Don_Right
146,0,434,57,Don_Right
93,0,417,96,Don_Right
0,3,426,65,Don_Right
86,0,348,111,Don_Right
0,0,412,66,Don_Right
0,0,455,63,Don_Right
0,1,420,72,Don_Right
0,0,445,59,Don_Right
0,0,378,83,Don_Right
0,0,417,92,Don_Right
0,0,425,64,Don_Right
0,0,415,61,Don_Right
0,0,450,69,Don_Right
0,0,440,58,Don_Right
94,0,415,113,Don_Right
94,0,354,58,Don_Right
91,0,432,37,Don_Right
107,0,419,42,Don_Right
103,0,409,27,Don_Right
183,0,380,78,Don_Right
217,0,468,25,Don_Right
201,0,344,36,Don_Right
256,0,353,29,Don_Right
286,0,393,23,Don_Right
303,0,447,27,Don_Right
168,1,362,27,Don_Right
289,0,396,24,Don_Right
321,0,426,26,Don_Right
323,0,404,26,Don_Right
336,0,452,24,Don_Right
329,0,350,16,Don_Right
282,0,458,67,Don_Right
269,1,462,52,Don_Right
153,0,396,16,Don_Right
306,0,453,57,Don_Right
240,0,429,61,Don_Right
157,0,475,75,Don_Right
115,0,459,22,Don_Right
133,0,438,25,Don_Right
146,0,409,32,Don_Right
128,0,416,17,Don_Right
186,0,423,33,Don_Right
147,0,395,28,Don_Right
174,0,406,29,Don_Right
119,0,391,25,Don_Right
108,0,386,24,Don_Right
100,0,327,22,Don_Right
129,0,390,46,Don_Right
115,0,360,28,Don_Right
102,0,418,25,Don_Right
103,0,427,77,Don_Right
82,0,449,68,Don_Right
88,0,460,56,Don_Right
0,0,439,52,Don_Right
0,0,465,52,Don_Right
0,2,461,67,Don_Right
2,0,438,97,Don_Right
0,0,435,114,Don_Right
0,0,382,72,Don_Right
0,0,386,68,Don_Right
0,0,377,102,Don_Right
0,0,340,44,Don_Right
0,0,383,69,Don_Right
0,0,392,68,Don_Right
104,0,403,61,Don_Right
0,4,280,41,Don_Right
0,0,280,12,Don_Right
0,0,393,56,Don_Right
210,0,448,54,Don_Right
111,0,428,55,Don_Right
254,0,437,24,Don_Right
231,0,430,27,Don_Right
305,0,482,43,Don_Right
273,0,431,59,Don_Right
259,0,401,22,Don_Right
99,2,186,8,Don_Right
301,1,499,73,Don_Right
235,0,372,27,Don_Right
186,0,436,17,Don_Right
254,1,503,55,Don_Right
254,0,466,117,Don_Right
116,0,365,135,Don_Right
95,0,382,70,Don_Right
0,0,434,106,Don_Right
0,0,420,71,Don_Right
0,0,351,116,Don_Right
0,0,419,76,Don_Right
0,0,170,15,Don_Right
87,0,383,87,Don_Right
0,0,144,23,Don_Right
75,0,425,75,Don_Right
0,0,221,19,Don_Right
1,0,176,37,Don_Right
0,0,188,17,Don_Right
0,0,437,119,Don_Right
1,2,206,73,Don_Right
2,0,182,11,Don_Right
0,0,382,32,Don_Right
0,0,140,26,Don_Right
2,0,125,26,Don_Right
0,0,130,10,Don_Right
0,0,415,93,Don_Right
0,0,186,25,Don_Right
0,3,257,18,Don_Right
175,0,408,134,Don_Right
62,0,133,22,Don_Right
202,0,379,95,Don_Right
1,0,120,18,Don_Right
130,0,414,74,Don_Right
162,0,429,94,Don_Right
116,0,495,94,Don_Right
104,0,38,20,Don_Right
324,0,407,74,Don_Right
311,0,514,96,Don_Right
95,0,104,11,Don_Right
233,0,441,76,Don_Right
135,0,51,7,Don_Right
404,0,330,96,Don_Right
103,0,32,16,Don_Right
132,1,376,16,Don_Right
108,3,8,7,Don_Right
319,0,502,48,Don_Right
302,1,491,127,Don_Right
225,0,342,108,Don_Right
293,1,516,85,Don_Right
327,0,392,143,Don_Right
243,0,525,177,Don_Right
0,0,123,24,Don_Right
0,0,457,100,Don_Right
100,0,609,146,Don_Right
242,0,478,129,Don_Right
258,0,523,37,Don_Right
136,0,565,83,Don_Right
90,0,435,96,Don_Right
99,0,491,165,Don_Right
102,0,486,113,Don_Right
133,0,510,120,Don_Right
73,0,125,17,Don_Right
113,0,556,101,Don_Right
154,0,534,122,Don_Right
195,0,475,252,Don_Right
265,0,472,297,Don_Right
331,0,621,278,Don_Right
317,0,560,222,Don_Right
281,0,550,215,Don_Right
432,0,707,318,Don_Right
303,0,535,236,Don_Right
185,0,671,183,Don_Right
229,0,717,318,Don_Right
113,0,688,215,Don_Right
107,0,568,103,Don_Right
111,0,729,218,Don_Right
102,0,585,64,Don_Right
95,0,686,157,Don_Right
91,0,673,117,Don_Right
96,0,722,212,Don_Right
119,0,730,217,Don_Right
123,0,730,196,Don_Right
0,0,723,244,Don_Right
79,0,709,140,Don_Right
85,0,582,96,Don_Right
69,0,655,256,Don_Right
73,0,591,145,Don_Right
83,0,632,141,Don_Right
271,0,683,156,Don_Right
283,0,582,170,Don_Right
318,0,637,114,Don_Right
345,0,648,165,Don_Right
386,2,661,192,Don_Right
413,0,686,289,Don_Right
442,0,707,287,Don_Right
401,0,593,243,Don_Right
436,0,658,240,Don_Right
450,0,694,263,Don_Right
418,0,651,232,Don_Right
494,1,670,154,Don_Right
341,0,444,118,Don_Right
309,0,510,269,Don_Right
337,0,660,245,Don_Right
356,0,576,178,Don_Right
309,0,542,148,Don_Right
264,0,472,137,Don_Right
252,0,422,98,Don_Right
376,0,420,262,Don_Right
335,0,520,264,Don_Right
408,0,468,268,Don_Right
379,0,544,290,Don_Right
385,0,530,213,Don_Right
173,0,552,141,Don_Right
238,0,626,206,Don_Right
230,0,584,266,Don_Right
175,0,640,274,Don_Right
101,0,719,313,Don_Right
72,0,575,116,Don_Right
77,0,621,148,Don_Right
0,0,756,290,Don_Right
0,0,601,190,Don_Right
66,1,703,175,Don_Right
78,0,747,217,Don_Right
118,0,718,223,Don_Right
123,0,638,119,Don_Right
105,0,442,25,Don_Right
205,0,656,134,Don_Right
269,0,660,167,Don_Right
256,0,535,101,Don_Right
441,3,681,171,Don_Right
310,0,627,164,Don_Right
466,2,466,176,Don_Right
500,0,695,163,Don_Right
304,0,489,26,Don_Right
410,0,494,63,Don_Right
165,0,563,83,Don_Right
189,0,468,80,Don_Right
168,0,559,87,Don_Right
286,0,491,84,Don_Right
477,0,615,141,Don_Right
324,1,661,122,Don_Right
354,0,509,41,Don_Right
507,0,608,127,Don_Right
396,0,691,102,Don_Right
495,0,633,205,Don_Right
382,0,509,212,Don_Right
457,0,600,195,Don_Right
307,0,678,90,Don_Right
379,0,680,196,Don_Right
436,0,743,230,Don_Right
386,0,726,251,Don_Right
315,0,606,203,Don_Right
99,0,534,117,Don_Right
181,0,681,155,Don_Right
103,0,695,166,Don_Right
330,0,705,254,Don_Right
207,0,518,59,Don_Right
305,0,514,244,Don_Right
295,0,521,185,Don_Right
353,0,413,254,Don_Right
331,0,561,287,Don_Right
336,2,454,263,Don_Right
302,0,468,204,Don_Right
298,0,514,208,Don_Right
409,0,619,320,Don_Right
121,0,299,59,Don_Right
250,0,427,101,Don_Right
212,0,479,156,Don_Right
263,0,454,96,Don_Right
158,0,506,186,Don_Right
275,0,552,227,Don_Right
26,0,464,84,Don_Right
87,0,571,150,Don_Right
103,0,470,245,Don_Right
90,0,461,201,Don_Right
33,0,483,117,Don_Right
0,0,546,208,Don_Right
0,0,619,207,Don_Right
0,0,688,225,Don_Right
94,0,586,200,Don_Right
313,0,621,252,Don_Right
238,0,589,152,Don_Right
282,0,655,289,Don_Right
216,0,604,160,Don_Right
0,0,295,15,Don_Right
0,0,225,4,Don_Right
203,0,508,132,Don_Right
300,0,576,234,Don_Right
368,0,593,356,Don_Right
308,0,514,273,Don_Right
276,0,496,194,Don_Right
307,0,438,259,Don_Right
347,0,581,332,Don_Right
376,1,637,302,Don_Right
276,0,352,64,Don_Right
384,0,521,245,Don_Right
450,0,616,298,Don_Right
391,0,619,289,Don_Right
408,0,604,262,Don_Right
374,0,507,287,Don_Right
362,0,652,300,Don_Right
251,0,641,262,Don_Right
303,0,622,240,Don_Right
300,0,631,295,Don_Right
157,0,665,230,Don_Right
197,0,660,247,Don_Right
218,2,580,197,Don_Right
235,0,535,247,Don_Right
270,0,510,231,Don_Right
152,0,295,27,Don_Right
199,0,454,112,Don_Right
185,0,558,274,Don_Right
343,0,544,266,Don_Right
250,0,468,166,Don_Right
291,0,491,259,Don_Right
336,0,681,287,Don_Right
448,0,584,338,Don_Right
338,0,637,227,Don_Right
350,0,498,256,Don_Right
311,0,473,266,Don_Right
316,0,556,259,Don_Right
260,0,425,59,Don_Right
288,0,430,168,Don_Right
296,0,640,286,Don_Right
351,0,598,272,Don_Right
329,0,498,82,Don_Right
497,0,605,318,Don_Right
439,1,663,277,Don_Right
225,0,534,235,Don_Right
118,0,631,228,Don_Right
124,0,522,159,Don_Right
261,0,561,196,Don_Right
119,0,511,256,Don_Right
130,0,635,233,Don_Right
232,1,672,264,Don_Right
157,1,657,224,Don_Right
195,0,586,236,Don_Right
95,0,553,267,Don_Right
109,0,523,179,Don_Right
91,1,679,212,Don_Right
122,0,744,191,Don_Right
106,0,538,208,Don_Right
81,0,725,255,Don_Right
74,0,730,234,Don_Right
310,0,573,301,Don_Right
256,0,479,114,Don_Right
251,2,455,16,Don_Right
505,0,657,258,Don_Right
438,2,573,210,Don_Right
475,0,650,244,Don_Right
437,0,676,200,Don_Right
341,0,612,170,Don_Right
143,0,708,290,Don_Right
119,0,666,159,Don_Right
96,0,665,174,Don_Right
0,0,678,208,Don_Right
0,0,693,206,Don_Right
73,0,463,40,Don_Right
0,0,566,118,Don_Right
0,0,519,160,Don_Right
87,0,549,202,Don_Right
105,0,687,163,Don_Right
270,0,561,245,Don_Right
305,0,584,205,Don_Right
0,0,485,29,Ka_Left
8,0,547,31,Ka_Left
18,0,622,45,Ka_Left
0,1,547,23,Ka_Left
0,0,441,16,Ka_Left
0,0,491,38,Ka_Left
0,0,444,25,Ka_Left
0,0,466,14,Ka_Left
0,0,339,14,Ka_Left
129,0,533,30,Ka_Left
0,0,525,59,Ka_Left
0,0,256,13,Ka_Left
0,0,404,34,Ka_Left
0,0,389,22,Ka_Left
0,0,361,23,Ka_Left
0,0,338,29,Ka_Left
0,0,192,19,Ka_Left
62,0,522,69,Ka_Left
57,0,509,30,Ka_Left
0,0,453,41,Ka_Left
0,0,502,26,Ka_Left
0,0,303,16,Ka_Left
0,0,192,21,Ka_Left
0,0,217,12,Ka_Left
0,0,240,14,Ka_Left
0,0,201,7,Ka_Left
90,0,575,25,Ka_Left
0,0,549,37,Ka_Left
1,0,591,41,Ka_Left
0,0,592,31,Ka_Left
0,0,564,36,Ka_Left
0,0,505,23,Ka_Left
0,0,426,13,Ka_Left
0,0,526,31,Ka_Left
0,0,451,33,Ka_Left
0,0,463,30,Ka_Left
0,0,281,18,Ka_Left
0,0,105,15,Ka_Left
0,0,587,22,Ka_Left
1,0,521,22,Ka_Left
0,0,339,10,Ka_Left
0,0,215,5,Ka_Left
0,0,293,18,Ka_Left
0,0,213,8,Ka_Left
0,0,199,11,Ka_Left
0,0,304,10,Ka_Left
0,0,542,15,Ka_Left
0,0,367,25,Ka_Left
0,0,143,8,Ka_Left
0,0,107,3,Ka_Left
32,0,391,10,Ka_Left
0,0,387,11,Ka_Left
0,0,79,8,Ka_Left
0,0,505,13,Ka_Left
0,0,234,17,Ka_Left
0,0,341,14,Ka_Left
0,0,297,11,Ka_Left
0,0,381,20,Ka_Left
0,0,186,15,Ka_Left
0,0,303,15,Ka_Left
0,0,222,9,Ka_Left
94,0,507,20,Ka_Left
0,0,413,18,Ka_Left
38,0,437,27,Ka_Left
56,0,441,27,Ka_Left
0,0,385,24,Ka_Left
2,0,541,46,Ka_Left
74,0,545,91,Ka_Left
0,0,531,82,Ka_Left
0,0,531,43,Ka_Left
0,0,497,39,Ka_Left
0,0,468,48,Ka_Left
0,0,357,13,Ka_Left
0,0,230,7,Ka_Left
0,1,255,22,Ka_Left
0,0,317,11,Ka_Left
117,0,518,23,Ka_Left
67,0,504,20,Ka_Left
0,0,269,11,Ka_Left
0,0,283,8,Ka_Left
49,0,351,10,Ka_Left
0,0,419,17,Ka_Left
74,0,439,26,Ka_Left
65,0,451,14,Ka_Left
0,0,428,12,Ka_Left
0,0,419,12,Ka_Left
0,0,438,13,Ka_Left
0,0,527,16,Ka_Left
0,0,531,26,Ka_Left
0,0,468,16,Ka_Left
0,0,530,26,Ka_Left
0,0,428,19,Ka_Left
0,0,595,24,Ka_Left
8,0,573,17,Ka_Left
0,0,460,13,Ka_Left
0,0,464,23,Ka_Left
0,0,399,22,Ka_Left
0,0,506,18,Ka_Left
0,1,580,28,Ka_Left
0,0,580,20,Ka_Left
0,0,564,20,Ka_Left
0,0,469,14,Ka_Left
0,0,582,26,Ka_Left
0,0,453,20,Ka_Left
0,0,582,24,Ka_Left
0,0,512,27,Ka_Left
0,0,458,32,Ka_Left
0,0,373,16,Ka_Left
0,0,450,25,Ka_Left
0,0,451,25,Ka_Left
0,0,417,21,Ka_Left
0,0,90,9,Ka_Left
0,0,435,18,Ka_Left
0,0,420,19,Ka_Left
2,0,341,18,Ka_Left
0,0,421,17,Ka_Left
0,0,456,26,Ka_Left
0,0,422,24,Ka_Left
129,0,566,35,Ka_Left
0,0,427,21,Ka_Left
0,0,347,9,Ka_Left
0,0,398,24,Ka_Left
19,0,540,57,Ka_Left
0,0,395,25,Ka_Left
0,0,299,18,Ka_Left
0,0,402,26,Ka_Left
0,0,511,30,Ka_Left
0,0,361,18,Ka_Left
0,0,547,36,Ka_Left
0,0,448,26,Ka_Left
0,0,438,21,Ka_Left
0,0,467,32,Ka_Left
0,0,458,25,Ka_Left
0,0,381,23,Ka_Left
0,0,207,18,Ka_Left
0,0,281,17,Ka_Left
0,0,447,19,Ka_Left
0,0,499,40,Ka_Left
0,0,516,28,Ka_Left
0,0,345,19,Ka_Left
0,2,596,34,Ka_Left
0,0,521,30,Ka_Left
0,0,408,27,Ka_Left
0,0,495,25,Ka_Left
0,0,640,25,Ka_Left
0,0,545,20,Ka_Left
0,0,523,21,Ka_Left
0,0,500,12,Ka_Left
0,0,349,17,Ka_Left
0,0,234,6,Ka_Left
0,0,530,22,Ka_Left
0,0,588,28,Ka_Left
0,0,595,20,Ka_Left
0,0,526,16,Ka_Left
0,0,528,16,Ka_Left
0,0,561,17,Ka_Left
0,0,485,13,Ka_Left
0,0,381,10,Ka_Left
1,0,285,6,Ka_Left
0,0,229,10,Ka_Left
0,0,92,5,Ka_Left
0,0,413,18,Ka_Left
1,0,104,4,Ka_Left
0,0,463,30,Ka_Left
0,0,437,44,Ka_Left
0,0,627,53,Ka_Left
0,0,475,30,Ka_Left
0,0,563,33,Ka_Left
0,0,546,32,Ka_Left
0,1,423,36,Ka_Left
0,0,377,37,Ka_Left
0,0,398,31,Ka_Left
0,0,242,19,Ka_Left
0,0,381,21,Ka_Left
1,0,402,34,Ka_Left
0,0,589,47,Ka_Left
0,0,450,29,Ka_Left
0,0,134,11,Ka_Left
0,0,220,13,Ka_Left
0,0,119,12,Ka_Left
0,0,423,36,Ka_Left
0,0,406,35,Ka_Left
0,0,416,34,Ka_Left
1,0,433,76,Ka_Left
0,0,401,24,Ka_Left
0,0,432,48,Ka_Left
0,0,265,16,Ka_Left
0,0,359,16,Ka_Left
0,0,327,22,Ka_Left
0,0,388,25,Ka_Left
0,0,588,52,Ka_Left
0,0,582,50,Ka_Left
0,0,557,26,Ka_Left
0,0,536,39,Ka_Left
0,0,503,35,Ka_Left
0,0,498,38,Ka_Left
0,0,594,50,Ka_Left
0,0,600,40,Ka_Left
0,0,597,48,Ka_Left
0,0,440,33,Ka_Left
122,0,619,91,Ka_Left
157,0,621,63,Ka_Left
252,0,639,38,Ka_Left
370,0,647,100,Ka_Left
91,0,508,24,Ka_Left
0,0,275,10,Ka_Left
0,0,287,12,Ka_Left
144,0,532,22,Ka_Left
0,0,284,13,Ka_Left
12,0,245,11,Ka_Left
0,0,614,31,Ka_Left
154,0,559,82,Ka_Left
180,0,535,44,Ka_Left
16,1,468,26,Ka_Left
0,0,552,35,Ka_Left
355,0,530,35,Ka_Left
59,0,491,15,Ka_Left
0,0,111,15,Ka_Left
242,1,608,36,Ka_Left
165,0,612,70,Ka_Left
122,0,551,50,Ka_Left
0,0,385,16,Ka_Left
0,0,736,103,Ka_Left
0,0,727,114,Ka_Left
0,0,525,28,Ka_Left
0,0,731,161,Ka_Left
0,0,693,164,Ka_Left
0,0,618,34,Ka_Left
0,0,664,63,Ka_Left
193,0,759,213,Ka_Left
271,0,734,180,Ka_Left
151,0,522,26,Ka_Left
248,0,575,93,Ka_Left
83,0,543,75,Ka_Left
77,0,499,64,Ka_Left
134,0,498,21,Ka_Left
203,0,671,95,Ka_Left
1,0,645,135,Ka_Left
274,0,681,86,Ka_Left
41,0,602,46,Ka_Left
275,0,624,62,Ka_Left
0,0,561,40,Ka_Left
84,0,523,23,Ka_Left
298,0,578,31,Ka_Left
266,0,639,24,Ka_Left
185,0,508,22,Ka_Left
354,0,612,25,Ka_Left
365,0,691,26,Ka_Left
193,0,608,21,Ka_Left
271,0,672,26,Ka_Left
0,0,312,12,Ka_Left
93,0,612,25,Ka_Left
0,0,128,14,Ka_Left
0,0,671,40,Ka_Left
0,0,537,47,Ka_Left
1,0,751,132,Ka_Left
0,0,584,38,Ka_Left
13,0,673,69,Ka_Left
0,0,695,105,Ka_Left
74,0,406,19,Ka_Left
0,0,725,119,Ka_Left
185,0,702,32,Ka_Left
240,0,684,28,Ka_Left
258,0,630,21,Ka_Left
275,0,659,37,Ka_Left
205,0,594,22,Ka_Left
205,0,609,20,Ka_Left
0,0,293,8,Ka_Left
0,0,577,18,Ka_Left
254,0,618,22,Ka_Left
74,0,339,9,Ka_Left
0,0,74,8,Ka_Left
15,0,610,21,Ka_Left
1,0,654,19,Ka_Left
309,0,650,22,Ka_Left
308,0,653,20,Ka_Left
0,0,673,27,Ka_Left
0,0,735,119,Ka_Left
129,0,734,125,Ka_Left
200,0,651,49,Ka_Left
0,0,680,66,Ka_Left
0,0,634,42,Ka_Left
0,0,713,155,Ka_Left
0,0,514,28,Ka_Left
0,0,638,40,Ka_Left
0,0,678,85,Ka_Left
104,2,688,40,Ka_Left
0,0,426,18,Ka_Left
0,0,474,33,Ka_Left
0,0,315,16,Ka_Left
115,0,656,53,Ka_Left
144,1,696,83,Ka_Left
0,0,429,24,Ka_Left
0,0,696,57,Ka_Left
0,0,443,26,Ka_Left
154,0,737,114,Ka_Left
69,0,622,80,Ka_Left
0,0,527,37,Ka_Left
0,0,388,17,Ka_Left
11,0,678,34,Ka_Left
0,0,689,45,Ka_Left
0,0,486,21,Ka_Left
103,1,724,158,Ka_Left
105,0,477,27,Ka_Left
0,0,629,34,Ka_Left
0,0,667,41,Ka_Left
273,0,616,37,Ka_Left
0,0,707,136,Ka_Left
195,0,545,27,Ka_Left
0,2,601,32,Ka_Left
0,0,528,22,Ka_Left
0,0,505,28,Ka_Left
0,0,449,14,Ka_Left
0,0,369,22,Ka_Left
0,0,459,14,Ka_Left
0,0,481,18,Ka_Left
80,0,548,20,Ka_Left
53,0,643,20,Ka_Left
0,0,272,10,Ka_Left
37,0,182,3,Ka_Left
0,0,343,15,Ka_Left
0,0,486,16,Ka_Left
0,0,448,20,Ka_Left
114,0,589,37,Ka_Left
208,0,668,91,Ka_Left
12,0,504,32,Ka_Left
64,0,679,72,Ka_Left
116,0,664,51,Ka_Left
0,0,662,38,Ka_Left
0,0,435,12,Ka_Left
0,0,613,57,Ka_Left
0,0,515,32,Ka_Left
0,0,662,105,Ka_Left
0,0,685,96,Ka_Left
97,0,684,135,Ka_Left
22,0,623,32,Ka_Left
220,0,704,111,Ka_Left
17,0,414,21,Ka_Left
0,0,674,86,Ka_Left
193,0,653,22,Ka_Left
175,0,653,24,Ka_Left
271,0,662,27,Ka_Left
184,0,656,22,Ka_Left
304,0,669,28,Ka_Left
247,0,643,23,Ka_Left
0,0,604,26,Ka_Left
18,0,637,29,Ka_Left
146,0,512,22,Ka_Left
0,1,489,19,Ka_Left
0,0,311,11,Ka_Left
0,0,392,16,Ka_Left
54,0,658,64,Ka_Left
77,0,726,155,Ka_Left
1,0,657,90,Ka_Left
89,0,711,176,Ka_Left
210,1,746,194,Ka_Left
123,0,675,79,Ka_Left
136,0,728,81,Ka_Left
0,0,651,61,Ka_Left
0,0,639,38,Ka_Left
0,1,447,20,Ka_Left
150,0,639,45,Ka_Left
0,0,380,20,Ka_Left
56,0,537,30,Ka_Left
0,0,673,87,Ka_Left
131,0,690,68,Ka_Left
0,0,660,34,Ka_Left
0,0,203,11,Ka_Left
0,0,581,22,Ka_Left
0,0,496,27,Ka_Left
0,3,414,16,Ka_Left
0,0,556,38,Ka_Left
89,0,672,61,Ka_Left
143,0,657,47,Ka_Left
207,0,653,102,Ka_Left
314,0,666,41,Ka_Left
143,0,578,33,Ka_Left
268,0,664,52,Ka_Left
146,0,636,25,Ka_Left
121,0,513,26,Ka_Left
215,0,692,91,Ka_Left
250,0,655,38,Ka_Left
140,0,589,51,Ka_Left
268,0,606,61,Ka_Left
165,0,507,29,Ka_Left
232,0,501,23,Ka_Left
0,0,561,43,Ka_Left
0,0,557,70,Ka_Left
285,0,582,22,Ka_Left
0,0,509,15,Ka_Left
120,0,427,19,Ka_Left
321,0,673,27,Ka_Left
207,0,588,23,Ka_Left
0,0,549,20,Ka_Left
287,0,535,24,Ka_Left
352,0,633,24,Ka_Left
155,0,447,16,Ka_Left
125,0,747,179,Ka_Left
92,0,561,33,Ka_Left
0,0,696,87,Ka_Left
0,0,475,169,Ka_Right
1,0,568,165,Ka_Right
0,0,555,184,Ka_Right
0,0,584,172,Ka_Right
0,0,504,180,Ka_Right
0,0,374,144,Ka_Right
0,0,365,38,Ka_Right
0,0,579,173,Ka_Right
0,0,520,184,Ka_Right
0,0,614,271,Ka_Right
0,2,529,240,Ka_Right
0,0,530,215,Ka_Right
0,0,386,100,Ka_Right
0,0,429,147,Ka_Right
0,1,320,11,Ka_Right
0,0,279,17,Ka_Right
150,3,589,241,Ka_Right
0,1,604,208,Ka_Right
2,0,636,267,Ka_Right
0,0,478,215,Ka_Right
0,0,286,33,Ka_Right
0,0,378,165,Ka_Right
0,0,442,210,Ka_Right
0,0,445,227,Ka_Right
0,0,387,174,Ka_Right
0,0,415,208,Ka_Right
0,0,424,173,Ka_Right
0,0,403,93,Ka_Right
0,0,388,168,Ka_Right
0,0,427,116,Ka_Right
0,0,501,203,Ka_Right
0,0,455,175,Ka_Right
0,0,559,231,Ka_Right
0,0,521,194,Ka_Right
0,1,449,153,Ka_Right
0,0,499,197,Ka_Right
0,0,475,192,Ka_Right
0,0,563,222,Ka_Right
0,0,438,229,Ka_Right
0,0,453,202,Ka_Right
0,0,413,163,Ka_Right
0,0,390,186,Ka_Right
0,0,373,189,Ka_Right
0,2,200,34,Ka_Right
0,0,247,23,Ka_Right
0,0,267,25,Ka_Right
0,0,281,29,Ka_Right
0,0,181,25,Ka_Right
0,0,212,24,Ka_Right
0,0,516,228,Ka_Right
0,0,498,208,Ka_Right
0,0,222,21,Ka_Right
0,0,361,169,Ka_Right
0,0,227,26,Ka_Right
0,0,190,22,Ka_Right
0,0,353,139,Ka_Right
0,0,260,178,Ka_Right
0,0,322,122,Ka_Right
0,0,290,148,Ka_Right
0,0,288,183,Ka_Right
0,0,278,61,Ka_Right
0,1,336,152,Ka_Right
0,0,328,136,Ka_Right
0,0,447,144,Ka_Right
0,0,450,165,Ka_Right
0,0,178,10,Ka_Right
0,0,417,111,Ka_Right
0,0,120,19,Ka_Right
0,0,450,132,Ka_Right
0,0,587,219,Ka_Right
0,0,251,20,Ka_Right
0,0,489,100,Ka_Right
0,1,243,23,Ka_Right
0,0,347,26,Ka_Right
0,0,589,136,Ka_Right
0,0,360,25,Ka_Right
0,0,338,27,Ka_Right
0,0,225,15,Ka_Right
0,0,444,212,Ka_Right
0,0,167,42,Ka_Right
0,0,120,39,Ka_Right
0,0,81,8,Ka_Right
0,0,229,105,Ka_Right
0,0,304,178,Ka_Right
0,0,239,151,Ka_Right
0,0,230,115,Ka_Right
0,0,221,109,Ka_Right
0,0,105,19,Ka_Right
0,0,81,5,Ka_Right
0,0,93,18,Ka_Right
0,0,108,32,Ka_Right
0,0,86,15,Ka_Right
0,0,268,89,Ka_Right
0,0,263,141,Ka_Right
0,0,345,85,Ka_Right
0,1,405,84,Ka_Right
0,0,132,9,Ka_Right
0,0,117,23,Ka_Right
0,0,130,32,Ka_Right
0,0,146,37,Ka_Right
0,0,109,29,Ka_Right
0,0,135,23,Ka_Right
0,0,140,26,Ka_Right
0,0,137,28,Ka_Right
0,0,120,10,Ka_Right
0,0,337,67,Ka_Right
0,0,392,167,Ka_Right
0,0,403,118,Ka_Right
0,1,390,126,Ka_Right
0,0,326,94,Ka_Right
0,0,149,26,Ka_Right
0,0,217,123,Ka_Right
0,0,324,135,Ka_Right
0,0,267,66,Ka_Right
0,0,85,12,Ka_Right
0,0,431,139,Ka_Right
0,0,367,103,Ka_Right
1,0,157,13,Ka_Right
0,0,87,10,Ka_Right
0,0,157,18,Ka_Right
0,0,121,21,Ka_Right
0,0,353,103,Ka_Right
0,0,357,116,Ka_Right
0,0,344,96,Ka_Right
0,0,78,7,Ka_Right
0,0,367,181,Ka_Right
0,0,335,104,Ka_Right
0,0,260,22,Ka_Right
0,0,274,43,Ka_Right
0,0,323,62,Ka_Right
0,0,447,85,Ka_Right
0,1,346,16,Ka_Right
0,2,227,17,Ka_Right
0,0,154,9,Ka_Right
1,0,411,88,Ka_Right
0,0,96,15,Ka_Right
0,0,92,17,Ka_Right
0,0,76,10,Ka_Right
0,0,221,89,Ka_Right
0,0,71,6,Ka_Right
0,0,96,25,Ka_Right
0,0,104,41,Ka_Right
0,0,73,8,Ka_Right
0,0,196,63,Ka_Right
0,0,263,113,Ka_Right
1,0,144,29,Ka_Right
0,0,95,21,Ka_Right
0,0,87,21,Ka_Right
0,0,99,42,Ka_Right
0,0,148,49,Ka_Right
0,0,84,20,Ka_Right
0,0,145,20,Ka_Right
0,0,100,32,Ka_Right
0,0,139,40,Ka_Right
0,0,227,92,Ka_Right
0,1,80,16,Ka_Right
0,0,90,15,Ka_Right
0,0,189,66,Ka_Right
0,0,155,13,Ka_Right
0,0,107,9,Ka_Right
0,0,121,21,Ka_Right
0,0,204,117,Ka_Right
0,0,96,35,Ka_Right
0,0,188,140,Ka_Right
0,0,214,65,Ka_Right
0,0,292,159,Ka_Right
0,0,181,122,Ka_Right
0,1,172,34,Ka_Right
0,0,163,75,Ka_Right
0,0,277,140,Ka_Right
0,0,281,114,Ka_Right
0,0,341,139,Ka_Right
0,2,284,65,Ka_Right
0,0,143,10,Ka_Right
1,0,103,28,Ka_Right
0,0,200,23,Ka_Right
0,0,151,10,Ka_Right
0,0,178,44,Ka_Right
0,0,143,17,Ka_Right
0,0,215,18,Ka_Right
0,0,190,21,Ka_Right
0,0,283,17,Ka_Right
0,0,196,34,Ka_Right
0,0,197,42,Ka_Right
0,0,561,151,Ka_Right
0,0,380,56,Ka_Right
0,0,451,110,Ka_Right
0,0,486,148,Ka_Right
0,0,537,141,Ka_Right
0,0,430,141,Ka_Right
0,0,179,35,Ka_Right
0,1,163,21,Ka_Right
0,0,357,117,Ka_Right
0,0,168,23,Ka_Right
0,2,223,31,Ka_Right
0,1,270,62,Ka_Right
0,0,160,17,Ka_Right
0,0,123,19,Ka_Right
0,0,132,29,Ka_Right
0,0,124,33,Ka_Right
0,0,667,247,Ka_Right
0,0,460,43,Ka_Right
36,0,532,130,Ka_Right
84,0,632,260,Ka_Right
77,0,720,185,Ka_Right
60,0,677,307,Ka_Right
24,0,696,176,Ka_Right
0,0,714,333,Ka_Right
0,0,704,243,Ka_Right
0,0,531,202,Ka_Right
0,0,515,91,Ka_Right
0,0,242,40,Ka_Right
0,0,523,114,Ka_Right
0,0,523,104,Ka_Right
0,0,673,233,Ka_Right
0,0,683,259,Ka_Right
165,0,585,200,Ka_Right
248,0,563,216,Ka_Right
216,0,579,227,Ka_Right
296,0,726,311,Ka_Right
140,0,530,171,Ka_Right
285,0,462,48,Ka_Right
146,0,689,222,Ka_Right
76,0,664,257,Ka_Right
42,0,666,145,Ka_Right
0,0,604,167,Ka_Right
0,0,655,250,Ka_Right
0,0,295,179,Ka_Right
0,0,638,146,Ka_Right
0,0,690,201,Ka_Right
0,0,649,197,Ka_Right
58,0,578,312,Ka_Right
0,0,648,252,Ka_Right
0,0,490,238,Ka_Right
0,0,684,224,Ka_Right
0,0,705,273,Ka_Right
0,0,706,309,Ka_Right
98,0,607,216,Ka_Right
0,0,414,50,Ka_Right
86,0,482,150,Ka_Right
54,0,479,131,Ka_Right
31,0,552,209,Ka_Right
217,0,653,245,Ka_Right
0,0,695,220,Ka_Right
193,0,656,239,Ka_Right
0,0,356,47,Ka_Right
0,0,516,188,Ka_Right
0,0,368,27,Ka_Right
0,0,498,167,Ka_Right
0,0,489,153,Ka_Right
0,0,671,210,Ka_Right
0,0,662,192,Ka_Right
0,0,632,174,Ka_Right
1,0,588,135,Ka_Right
1,0,663,200,Ka_Right
0,0,623,116,Ka_Right
0,0,109,14,Ka_Right
1,1,551,190,Ka_Right
0,0,720,276,Ka_Right
0,0,490,136,Ka_Right
0,0,629,187,Ka_Right
0,0,667,193,Ka_Right
109,0,649,220,Ka_Right
0,0,712,273,Ka_Right
0,0,659,161,Ka_Right
0,0,561,175,Ka_Right
0,0,424,26,Ka_Right
0,0,679,130,Ka_Right
0,0,630,242,Ka_Right
0,0,701,277,Ka_Right
0,0,570,77,Ka_Right
1,0,305,14,Ka_Right
85,0,572,170,Ka_Right
123,0,624,217,Ka_Right
215,0,688,242,Ka_Right
260,0,693,188,Ka_Right
200,0,733,274,Ka_Right
193,0,493,272,Ka_Right
162,0,628,128,Ka_Right
157,0,718,258,Ka_Right
0,0,735,271,Ka_Right
275,0,748,278,Ka_Right
0,0,740,293,Ka_Right
180,0,698,242,Ka_Right
79,0,615,218,Ka_Right
109,0,499,150,Ka_Right
0,0,574,163,Ka_Right
144,0,708,220,Ka_Right
154,0,745,253,Ka_Right
140,0,727,220,Ka_Right
0,0,685,190,Ka_Right
0,0,453,123,Ka_Right
0,0,573,142,Ka_Right
91,0,634,193,Ka_Right
53,0,611,210,Ka_Right
151,0,695,231,Ka_Right
108,0,616,163,Ka_Right
143,0,679,245,Ka_Right
187,0,723,299,Ka_Right
144,0,598,247,Ka_Right
220,0,701,288,Ka_Right
0,0,693,144,Ka_Right
269,0,725,255,Ka_Right
0,0,712,163,Ka_Right
182,0,675,245,Ka_Right
76,0,655,225,Ka_Right
0,0,573,134,Ka_Right
0,0,537,118,Ka_Right
0,0,617,134,Ka_Right
0,0,425,81,Ka_Right
0,0,613,116,Ka_Right
37,0,643,202,Ka_Right
0,0,543,162,Ka_Right
0,0,618,171,Ka_Right
0,0,598,158,Ka_Right
0,0,710,232,Ka_Right
92,0,570,122,Ka_Right
102,0,518,83,Ka_Right
124,0,646,254,Ka_Right
157,0,618,229,Ka_Right
87,1,620,216,Ka_Right
61,0,703,253,Ka_Right
40,0,660,274,Ka_Right
35,0,578,144,Ka_Right
0,0,695,363,Ka_Right
29,0,566,121,Ka_Right
105,0,686,260,Ka_Right
0,0,625,185,Ka_Right
0,0,380,20,Ka_Right
0,0,405,16,Ka_Right
152,0,654,280,Ka_Right
101,0,538,56,Ka_Right
0,0,404,18,Ka_Right
108,0,569,201,Ka_Right
59,0,457,44,Ka_Right
255,0,744,340,Ka_Right
279,0,727,281,Ka_Right
293,0,742,291,Ka_Right
261,0,693,252,Ka_Right
0,0,504,31,Ka_Right
225,0,769,246,Ka_Right
0,0,608,151,Ka_Right
42,0,544,139,Ka_Right
0,0,581,130,Ka_Right
0,0,505,133,Ka_Right
33,0,651,212,Ka_Right
0,0,379,27,Ka_Right
0,0,528,183,Ka_Right
0,0,374,56,Ka_Right
0,0,558,179,Ka_Right
70,0,693,177,Ka_Right
21,0,531,105,Ka_Right
0,0,504,42,Ka_Right
215,0,727,266,Ka_Right
135,0,728,278,Ka_Right
75,0,623,175,Ka_Right
77,0,579,170,Ka_Right
88,0,662,180,Ka_Right
26,0,666,197,Ka_Right
0,0,531,117,Ka_Right
0,0,620,48,Ka_Right
0,0,505,74,Ka_Right
2,0,623,135,Ka_Right
0,0,624,151,Ka_Right
197,0,686,288,Ka_Right
126,2,651,234,Ka_Right
0,0,488,37,Ka_Right
219,0,559,191,Ka_Right
69,0,562,95,Ka_Right
66,0,566,229,Ka_Right
0,0,529,36,Ka_Right
80,1,668,219,Ka_Right
95,1,605,216,Ka_Right
0,0,664,232,Ka_Right
0,0,372,28,Ka_Right
1,0,684,176,Ka_Right
0,0,699,223,Ka_Right
0,0,694,160,Ka_Right
0,0,564,113,Ka_Right
0,0,655,203,Ka_Right
93,0,591,166,Ka_Right
0,0,569,161,Ka_Right
163,0,697,207,Ka_Right
164,0,685,205,Ka_Right
136,0,665,269,Ka_Right
141,0,709,246,Ka_Right
205,0,704,262,Ka_Right
248,0,620,231,Ka_Right
0,0,567,156,Ka_Right
231,0,637,234,Ka_Right
64,0,660,210,Ka_Right
0,0,708,171,Ka_Right
0,0,508,105,Ka_Right
140,0,685,227,Ka_Right
97,0,637,257,Ka_Right
66,0,644,139,Ka_Right
162,0,689,229,Ka_Right
170,0,695,213,Ka_Right
133,0,680,207,Ka_Right
195,0,598,273,Ka_Right
401,0,568,356,Noise
121,0,344,134,Noise
537,0,404,29,Noise
610,1,724,480,Noise
0,0,397,90,Noise
0,0,171,9,Noise
418,0,736,399,Noise
325,0,746,188,Noise
615,2,686,306,Noise
0,0,85,21,Noise
409,0,465,13,Noise
739,0,767,451,Noise
0,0,310,34,Noise
252,3,759,75,Noise
653,1,766,433,Noise
0,0,288,23,Noise
344,0,685,103,Noise
0,0,300,32,Noise
304,0,363,30,Noise
751,1,794,440,Noise
0,0,246,27,Noise
664,1,778,407,Noise
443,0,679,166,Noise
0,0,297,14,Noise
0,0,597,114,Noise
516,2,678,414,Noise
225,0,621,428,Noise
416,2,765,289,Noise
516,0,748,247,Noise
522,1,626,457,Noise
120,0,447,389,Noise
580,1,554,395,Noise
711,2,458,362,Noise
713,3,623,381,Noise
620,2,607,366,Noise
180,1,345,400,Noise
574,2,536,405,Noise
420,1,434,366,Noise
0,0,346,31,Noise
0,0,330,27,Noise
455,0,516,208,Noise
0,0,260,21,Noise
0,0,272,24,Noise
0,0,256,22,Noise
0,0,241,21,Noise
0,2,191,20,Noise
0,0,177,8,Noise
0,0,180,13,Noise
0,0,319,114,Noise
736,2,799,425,Noise
725,3,844,506,Noise
0,0,591,122,Noise
0,0,368,26,Noise
0,0,261,16,Noise
0,0,248,14,Noise
0,0,709,25,Noise
530,2,845,385,Noise
1,0,521,30,Noise
0,0,291,29,Noise
0,1,412,43,Noise
693,1,805,489,Noise
513,0,708,345,Noise
0,0,357,17,Noise
45,0,590,329,Noise
745,2,836,413,Noise
759,3,829,426,Noise
0,0,530,73,Noise
0,0,349,22,Noise
0,0,328,18,Noise
0,1,304,24,Noise
0,0,71,15,Noise
0,0,100,19,Noise
0,0,78,7,Noise
85,0,212,15,Noise
125,0,313,18,Noise
431,0,522,117,Noise
369,0,708,363,Noise
0,0,93,28,Noise
0,0,72,9,Noise
324,0,83,0,Noise
741,1,814,350,Noise
766,1,765,315,Noise
0,0,435,32,Noise
0,0,304,16,Noise
0,0,79,11,Noise
765,3,703,391,Noise
799,0,758,414,Noise
0,0,402,60,Noise
0,0,183,14,Noise
0,0,106,24,Noise
0,0,108,9,Noise
1,0,208,11,Noise
764,0,825,369,Noise
128,0,658,100,Noise
0,0,442,32,Noise
422,0,375,17,Noise
715,2,747,409,Noise
0,0,364,19,Noise
0,0,133,16,Noise
849,0,786,450,Noise
868,1,723,366,Noise
0,0,407,29,Noise
0,0,360,22,Noise
0,0,236,18,Noise
0,0,359,128,Noise
811,0,799,497,Noise
0,0,523,39,Noise
0,0,380,21,Noise
0,0,256,10,Noise
0,0,438,99,Noise
785,0,800,497,Noise
778,0,787,234,Noise
791,0,783,422,Noise
0,0,403,32,Noise
0,0,296,16,Noise
0,0,255,16,Noise
119,0,566,361,Noise
792,1,800,386,Noise
0,0,422,19,Noise
336,0,377,20,Noise
737,3,759,267,Noise
381,0,276,15,Noise
764,0,776,336,Noise
808,0,794,435,Noise
830,2,784,402,Noise
847,0,812,321,Noise
883,0,831,498,Noise
883,4,845,523,Noise
861,1,791,333,Noise
133,0,534,35,Noise
0,0,473,24,Noise
0,0,353,20,Noise
0,0,340,22,Noise
0,0,259,20,Noise
778,0,706,390,Noise
800,0,786,333,Noise
789,3,802,548,Noise
0,0,721,617,Noise
45,0,732,554,Noise
367,0,689,507,Noise
486,0,675,474,Noise
378,0,664,462,Noise
395,0,622,398,Noise
344,0,522,324,Noise
390,0,561,360,Noise
304,0,430,305,Noise
0,0,445,46,Noise
0,0,432,37,Noise
0,0,421,29,Noise
0,0,378,24,Noise
0,0,268,30,Noise
0,1,312,21,Noise
0,0,283,13,Noise
0,0,301,16,Noise
0,0,244,12,Noise
0,0,197,15,Noise
0,0,160,5,Noise
97,0,536,13,Noise
775,1,709,266,Noise
761,0,520,308,Noise
688,0,475,218,Noise
680,3,370,188,Noise
679,0,452,270,Noise
562,0,144,223,Noise
0,0,253,21,Noise
0,0,205,10,Noise
406,0,8,0,Noise
792,0,721,339,Noise
0,0,306,13,Noise
0,0,376,102,Noise
801,1,758,262,Noise
807,1,748,370,Noise
0,0,329,25,Noise
0,0,308,22,Noise
0,0,306,41,Noise
768,0,777,416,Noise
788,0,753,306,Noise
794,1,767,189,Noise
0,0,419,30,Noise
0,0,340,24,Noise
773,1,636,226,Noise
807,1,708,215,Noise
802,2,716,298,Noise
738,1,662,154,Noise
721,1,646,341,Noise
754,2,556,323,Noise
743,3,364,56,Noise
820,1,675,99,Noise
826,1,768,116,Noise
697,2,769,271,Noise
798,1,762,334,Noise
829,5,741,338,Noise
855,1,497,241,Noise
808,1,729,272,Noise
810,1,539,111,Noise
0,0,385,24,Noise
826,0,595,340,Noise
835,1,618,321,Noise
755,0,570,194,Noise
0,0,359,22,Noise
0,0,167,8,Noise
711,0,673,344,Noise
733,0,662,358,Noise
740,0,773,395,Noise
720,2,674,299,Noise
728,0,712,322,Noise
0,0,323,28,Noise
0,1,280,21,Noise
739,1,626,256,Noise
0,0,226,54,Noise
0,0,330,16,Noise
0,0,283,14,Noise
295,0,0,0,Noise
696,1,655,272,Noise
0,0,305,20,Noise
0,0,160,11,Noise
735,0,702,297,Noise
0,0,306,32,Noise
483,0,16,4,Noise
357,0,463,278,Noise
0,0,196,12,Noise
315,0,9,4,Noise
0,0,281,60,Noise
518,1,10,9,Noise
2,0,243,24,Noise
497,0,245,12,Noise
751,0,778,446,Noise
599,1,735,285,Noise
0,0,248,22,Noise
0,0,227,12,Noise
0,1,475,23,Noise
736,1,782,490,Noise
694,0,729,368,Noise
0,0,298,38,Noise
0,0,290,13,Noise
39,0,176,49,Noise
663,0,720,435,Noise
262,0,501,140,Noise
0,0,291,18,Noise
0,0,254,12,Noise
405,1,256,22,Noise
653,0,740,427,Noise
662,1,715,349,Noise
0,0,196,15,Noise
0,0,190,19,Noise
0,0,112,2,Noise
708,0,733,348,Noise
697,0,700,312,Noise
47,0,306,24,Noise
0,0,279,18,Noise
0,0,216,8,Noise
625,1,683,349,Noise
633,1,679,336,Noise
489,2,599,243,Noise
0,1,245,14,Noise
0,0,212,12,Noise
603,1,413,133,Noise
690,2,706,351,Noise
682,0,679,341,Noise
0,0,270,25,Noise
0,0,231,18,Noise
0,0,209,20,Noise
595,0,731,390,Noise
625,1,676,189,Noise
712,0,782,356,Noise
787,1,790,409,Noise
0,0,522,94,Noise
0,0,279,23,Noise
705,0,715,373,Noise
716,0,750,374,Noise
32,0,362,40,Noise
0,0,319,30,Noise
714,6,625,311,Noise
764,1,594,229,Noise
776,1,714,312,Noise
445,1,388,118,Noise
0,0,325,29,Noise
662,0,772,385,Noise
739,2,674,204,Noise
808,1,756,272,Noise
790,1,810,422,Noise
0,0,451,45,Noise
0,0,259,19,Noise
0,0,217,19,Noise
663,1,764,432,Noise
705,0,754,413,Noise
728,1,751,383,Noise
595,1,659,302,Noise
0,0,260,29,Noise
0,0,289,22,Noise
571,0,660,372,Noise
705,2,698,366,Noise
678,1,705,342,Noise
0,0,368,29,Noise
0,0,300,27,Noise
55,1,276,20,Noise
649,1,725,438,Noise
651,1,715,401,Noise
0,0,243,18,Noise
0,0,243,22,Noise
0,0,245,17,Noise
0,0,212,14,Noise
0,0,229,13,Noise
0,0,175,16,Noise
0,0,211,16,Noise
492,0,620,129,Noise
529,0,454,85,Noise
0,0,79,2,Noise
29,0,73,4,Noise
0,0,279,8,Noise
0,0,184,8,Noise
0,0,71,2,Noise
78,2,12,1,Noise
111,0,0,0,Noise
272,0,14,2,Noise
96,0,25,2,Noise
0,0,114,14,Noise
0,0,299,18,Noise
0,0,287,15,Noise
0,0,337,12,Noise
0,0,328,16,Noise
0,0,202,15,Noise
0,0,171,6,Noise
0,0,137,4,Noise
0,0,154,5,Noise
0,0,167,9,Noise
0,0,149,8,Noise
0,0,142,8,Noise
0,0,114,9,Noise
0,0,128,3,Noise
0,0,150,5,Noise
0,0,118,4,Noise
0,0,436,110,Noise
0,0,398,180,Noise
85,3,159,13,Noise
798,48,754,372,Noise
731,43,764,290,Noise
570,11,577,163,Noise
0,0,344,17,Noise
0,0,231,14,Noise
775,52,747,386,Noise
617,42,726,260,Noise
0,0,264,13,Noise
41,0,220,23,Noise
788,61,837,426,Noise
0,0,489,51,Noise
1,0,273,17,Noise
356,63,285,78,Noise
747,46,785,284,Noise
0,0,204,29,Noise
0,0,242,16,Noise
272,27,646,306,Noise
4,4,678,371,Noise
470,26,654,301,Noise
0,0,182,10,Noise
0,0,276,14,Noise
553,10,563,314,Noise
771,16,749,284,Noise
754,15,553,239,Noise
747,16,375,100,Noise
389,3,205,21,Noise
547,1,80,18,Noise
0,0,281,16,Noise
0,0,265,18,Noise
541,8,690,451,Noise
339,5,743,451,Noise
407,8,721,285,Noise
657,10,686,374,Noise
433,6,508,256,Noise
2,4,351,35,Noise
6,0,212,11,Noise
725,96,639,386,Noise
800,95,722,394,Noise
760,41,709,292,Noise
647,36,710,230,Noise
641,36,716,293,Noise
526,30,723,294,Noise
478,29,746,321,Noise
0,0,261,25,Noise
0,2,275,30,Noise
0,0,254,20,Noise
0,0,229,13,Noise
0,0,262,21,Noise
0,0,200,12,Noise
0,0,177,28,Noise
0,0,185,10,Noise
723,9,735,344,Noise
743,10,759,374,Noise
732,8,744,302,Noise
653,7,649,282,Noise
621,7,556,265,Noise
574,7,488,267,Noise
0,0,314,31,Noise
0,0,240,14,Noise
0,0,217,14,Noise
0,0,196,21,Noise
0,0,217,56,Noise
738,25,708,189,Noise
737,25,729,337,Noise
753,25,731,353,Noise
485,0,475,21,Don_Left
415,0,303,39,Don_Left
494,0,403,17,Don_Left
489,0,549,18,Don_Left
404,0,365,10,Don_Left
459,0,424,12,Don_Left
507,0,446,23,Don_Left
407,0,324,13,Don_Left
366,0,343,18,Don_Left
352,0,375,16,Don_Left
478,2,444,23,Don_Left
483,0,420,12,Don_Left
401,0,359,10,Don_Left
471,0,508,13,Don_Left
445,0,464,15,Don_Left
440,0,549,18,Don_Left
291,0,135,4,Don_Left
477,0,397,16,Don_Left
338,0,44,8,Don_Left
517,0,313,20,Don_Left
497,0,208,9,Don_Left
587,1,424,25,Don_Left
566,1,171,16,Don_Left
637,1,291,13,Don_Left
592,0,249,13,Don_Left
647,0,314,14,Don_Left
654,0,272,12,Don_Left
626,0,247,16,Don_Left
572,0,355,102,Don_Left
509,0,291,100,Don_Left
507,0,400,52,Don_Left
364,0,133,18,Don_Left
510,0,109,1,Don_Left
492,0,322,92,Don_Left
491,0,415,47,Don_Left
521,0,344,42,Don_Left
480,0,111,5,Don_Left
504,0,285,64,Don_Left
567,0,363,22,Don_Left
496,0,296,18,Don_Left
595,0,340,38,Don_Left
539,0,243,15,Don_Left
539,0,97,0,Don_Left
559,0,329,26,Don_Left
507,0,215,11,Don_Left
581,0,355,25,Don_Left
514,0,315,22,Don_Left
550,0,400,25,Don_Left
330,0,92,5,Don_Left
471,0,266,4,Don_Left
215,0,24,5,Don_Left
300,0,71,4,Don_Left
478,0,415,13,Don_Left
525,0,429,11,Don_Left
491,0,400,15,Don_Left
569,0,526,15,Don_Left
531,0,422,15,Don_Left
580,0,416,14,Don_Left
629,0,455,48,Don_Left
628,0,398,10,Don_Left
613,1,559,108,Don_Left
542,0,494,117,Don_Left
627,0,465,115,Don_Left
620,0,405,62,Don_Left
548,0,402,87,Don_Left
621,0,410,12,Don_Left
500,0,13,2,Don_Left
660,0,417,14,Don_Left
656,0,501,23,Don_Left
589,0,406,14,Don_Left
627,0,266,13,Don_Left
623,0,370,13,Don_Left
537,0,332,10,Don_Left
640,0,342,17,Don_Left
694,0,416,19,Don_Left
662,0,278,14,Don_Left
615,0,305,21,Don_Left
633,0,2,0,Don_Left
687,1,237,10,Don_Left
610,3,334,11,Don_Left
592,0,312,14,Don_Left
634,0,280,13,Don_Left
584,0,388,16,Don_Left
566,0,239,14,Don_Left
554,0,278,14,Don_Left
611,1,361,22,Don_Left
616,0,431,41,Don_Left
618,0,415,41,Don_Left
651,0,296,24,Don_Left
633,0,390,45,Don_Left
642,0,251,68,Don_Left
597,0,267,24,Don_Left
675,0,346,96,Don_Left
663,0,406,22,Don_Left
655,0,499,14,Don_Left
628,0,443,20,Don_Left
658,0,445,18,Don_Left
629,0,463,13,Don_Left
577,0,387,12,Don_Left
672,0,401,12,Don_Left
428,0,87,3,Don_Left
486,0,88,4,Don_Left
461,0,7,4,Don_Left
552,2,119,4,Don_Left
525,0,85,3,Don_Left
482,0,95,3,Don_Left
567,0,3,6,Don_Left
496,0,8,3,Don_Left
551,0,11,6,Don_Left
584,0,12,15,Don_Left
554,0,12,2,Don_Left
535,0,106,9,Don_Left
591,0,312,12,Don_Left
567,0,248,13,Don_Left
532,0,57,4,Don_Left
538,0,88,4,Don_Left
590,0,247,8,Don_Left
563,0,171,3,Don_Left
565,1,260,6,Don_Left
583,0,256,10,Don_Left
548,0,384,10,Don_Left
482,0,393,14,Don_Left
525,0,446,14,Don_Left
518,0,500,15,Don_Left
521,0,480,26,Don_Left
499,0,466,25,Don_Left
515,1,314,7,Don_Left
559,0,505,28,Don_Left
530,0,166,10,Don_Left
484,1,386,33,Don_Left
519,0,408,11,Don_Left
454,0,463,108,Don_Left
499,0,367,115,Don_Left
536,0,426,142,Don_Left
556,0,284,122,Don_Left
535,0,309,52,Don_Left
573,0,127,3,Don_Left
568,0,114,10,Don_Left
562,0,42,18,Don_Left
566,0,117,18,Don_Left
609,0,88,2,Don_Left
602,0,11,11,Don_Left
572,0,1,7,Don_Left
607,0,0,3,Don_Left
619,0,2,14,Don_Left
591,1,4,8,Don_Left
589,0,10,14,Don_Left
608,0,129,2,Don_Left
501,0,176,2,Don_Left
500,0,397,14,Don_Left
487,3,470,14,Don_Left
443,0,524,20,Don_Left
497,0,491,128,Don_Left
502,0,472,94,Don_Left
468,0,586,90,Don_Left
492,0,510,27,Don_Left
498,0,467,14,Don_Left
499,0,448,64,Don_Left
290,0,421,27,Don_Left
236,0,85,13,Don_Left
541,0,471,25,Don_Left
460,0,360,27,Don_Left
101,0,3,1,Don_Left
447,0,171,22,Don_Left
470,0,517,156,Don_Left
451,0,555,91,Don_Left
408,0,474,28,Don_Left
447,0,542,19,Don_Left
453,0,578,21,Don_Left
433,0,540,21,Don_Left
488,0,522,22,Don_Left
474,0,509,14,Don_Left
434,0,494,16,Don_Left
438,0,468,14,Don_Left
476,0,484,17,Don_Left
411,0,505,15,Don_Left
433,0,464,14,Don_Left
346,0,477,14,Don_Left
214,0,376,13,Don_Left
432,0,474,14,Don_Left
474,0,553,20,Don_Left
452,1,479,14,Don_Left
448,0,525,24,Don_Left
437,0,582,57,Don_Left
446,0,463,32,Don_Left
485,1,513,108,Don_Left
397,0,420,55,Don_Left
479,0,524,112,Don_Left
518,0,487,95,Don_Left
531,0,457,89,Don_Left
544,0,442,104,Don_Left
475,0,333,131,Don_Left
563,0,474,180,Don_Left
482,0,435,96,Don_Left
493,0,474,36,Don_Left
517,0,547,31,Don_Left
364,0,298,18,Don_Left
521,0,415,19,Don_Left
536,0,411,14,Don_Left
568,0,215,8,Don_Left
0,0,354,73,Don_Right
0,0,382,51,Don_Right
0,0,410,68,Don_Right
0,0,412,144,Don_Right
0,0,323,131,Don_Right
0,0,154,14,Don_Right
0,0,160,23,Don_Right
0,0,80,17,Don_Right
0,0,209,32,Don_Right
0,0,209,34,Don_Right
0,0,115,8,Don_Right
1,0,453,138,Don_Right
0,0,140,8,Don_Right
0,0,197,26,Don_Right
0,0,415,139,Don_Right
0,0,401,85,Don_Right
0,3,280,22,Don_Right
0,0,184,40,Don_Right
1,0,279,36,Don_Right
0,0,254,42,Don_Right
0,0,267,52,Don_Right
0,0,182,34,Don_Right
0,0,150,35,Don_Right
0,0,202,26,Don_Right
0,0,408,84,Don_Right
0,0,262,21,Don_Right
0,0,147,4,Don_Right
0,0,474,125,Don_Right
0,0,441,66,Don_Right
0,0,467,49,Don_Right
0,0,516,150,Don_Right
0,0,124,42,Don_Right
0,0,145,36,Don_Right
0,0,137,26,Don_Right
0,0,76,15,Don_Right
0,2,453,90,Don_Right
0,0,163,30,Don_Right
171,0,457,123,Don_Right
112,0,516,79,Don_Right
195,0,476,184,Don_Right
180,0,501,120,Don_Right
109,0,582,132,Don_Right
0,0,541,130,Don_Right
0,0,563,135,Don_Right
0,0,597,91,Don_Right
0,0,552,157,Don_Right
105,0,480,114,Don_Right
160,0,519,166,Don_Right
144,0,409,89,Don_Right
90,0,411,74,Don_Right
91,0,412,100,Don_Right
223,0,495,68,Don_Right
194,2,424,95,Don_Right
110,0,494,104,Don_Right
0,0,482,84,Don_Right
121,0,448,97,Don_Right
107,0,470,67,Don_Right
109,0,491,82,Don_Right
122,0,391,57,Don_Right
156,0,437,102,Don_Right
122,0,443,73,Don_Right
127,0,477,40,Don_Right
133,0,409,93,Don_Right
138,3,441,61,Don_Right
120,0,396,54,Don_Right
243,0,431,71,Don_Right
148,0,449,68,Don_Right
131,0,432,74,Don_Right
62,0,380,53,Don_Right
0,0,115,18,Don_Right
0,0,456,117,Don_Right
0,0,560,82,Don_Right
61,0,490,108,Don_Right
85,0,467,84,Don_Right
125,0,486,134,Don_Right
120,0,432,125,Don_Right
124,0,430,83,Don_Right
144,0,493,82,Don_Right
147,0,448,94,Don_Right
110,0,270,27,Don_Right
26,0,195,20,Don_Right
29,1,100,18,Don_Right
0,0,128,21,Don_Right
71,0,194,18,Don_Right
88,0,442,50,Don_Right
120,0,479,114,Don_Right
0,0,421,80,Don_Right
65,0,450,46,Don_Right
120,0,402,87,Don_Right
142,0,404,110,Don_Right
104,0,473,84,Don_Right
138,0,528,69,Don_Right
144,0,472,128,Don_Right
108,0,370,125,Don_Right
0,0,391,78,Don_Right
0,0,395,57,Don_Right
0,0,464,34,Don_Right
109,0,186,14,Don_Right
256,0,417,47,Don_Right
247,1,384,97,Don_Right
0,0,542,178,Don_Right
92,0,567,197,Don_Right
183,0,661,115,Don_Right
208,0,617,102,Don_Right
191,0,631,152,Don_Right
207,0,752,229,Don_Right
100,0,688,236,Don_Right
103,0,585,163,Don_Right
135,0,552,137,Don_Right
97,0,574,93,Don_Right
30,0,700,291,Don_Right
0,0,481,40,Don_Right
0,0,596,37,Don_Right
105,1,693,183,Don_Right
293,0,644,273,Don_Right
336,0,539,182,Don_Right
287,0,522,162,Don_Right
285,0,475,214,Don_Right
177,0,686,231,Don_Right
159,0,498,217,Don_Right
0,0,439,75,Don_Right
0,0,627,179,Don_Right
0,0,574,199,Don_Right
1,0,685,178,Don_Right
0,0,660,176,Don_Right
0,0,706,309,Don_Right
50,1,579,302,Don_Right
151,0,626,228,Don_Right
86,0,537,165,Don_Right
145,0,757,269,Don_Right
93,0,640,213,Don_Right
0,0,738,198,Don_Right
0,0,490,219,Don_Right
0,0,608,205,Don_Right
113,0,542,250,Don_Right
154,0,728,236,Don_Right
230,0,9,87,Don_Right
295,0,686,177,Don_Right
352,0,577,180,Don_Right
348,0,714,178,Don_Right
227,0,704,98,Don_Right
143,0,728,99,Don_Right
91,0,696,195,Don_Right
17,0,718,168,Don_Right
0,2,684,113,Don_Right
0,0,689,218,Don_Right
157,0,709,202,Don_Right
0,0,612,173,Don_Right
0,0,591,39,Don_Right
0,0,74,0,Don_Right
123,0,487,40,Don_Right
280,0,592,98,Don_Right
317,0,652,205,Don_Right
399,0,747,165,Don_Right
306,0,659,174,Don_Right
368,0,663,192,Don_Right
336,0,708,193,Don_Right
330,0,2,0,Don_Right
184,0,594,45,Don_Right
188,0,721,231,Don_Right
142,0,682,173,Don_Right
105,0,711,164,Don_Right
92,0,722,103,Don_Right
104,0,723,164,Don_Right
0,0,714,108,Don_Right
78,0,649,192,Don_Right
71,0,391,206,Don_Right
77,0,599,76,Don_Right
0,0,717,106,Don_Right
128,0,524,32,Don_Right
0,0,122,18,Don_Right
381,0,689,235,Don_Right
364,0,32,227,Don_Right
322,0,538,196,Don_Right
117,0,512,86,Don_Right
153,0,490,142,Don_Right
200,0,504,125,Don_Right
276,0,484,185,Don_Right
189,0,690,239,Don_Right
0,0,702,137,Don_Right
80,0,26,32,Don_Right
150,0,638,165,Don_Right
114,0,515,79,Don_Right
86,0,430,27,Don_Right
137,0,755,187,Don_Right
162,0,514,125,Don_Right
106,0,612,109,Don_Right
103,0,606,67,Don_Right
0,0,561,47,Don_Right
77,0,404,155,Don_Right
100,0,536,155,Don_Right
121,0,471,39,Don_Right
169,0,610,128,Don_Right
125,0,593,78,Don_Right
240,0,648,188,Don_Right
222,0,553,164,Don_Right
173,0,464,65,Don_Right
87,0,476,34,Don_Right
73,0,486,44,Don_Right
0,0,468,34,Don_Right
0,0,626,121,Ka_Left
139,0,670,129,Ka_Left
172,0,662,114,Ka_Left
171,0,700,128,Ka_Left
160,0,686,34,Ka_Left
118,0,694,43,Ka_Left
56,0,730,125,Ka_Left
122,0,678,24,Ka_Left
111,0,734,70,Ka_Left
24,0,767,130,Ka_Left
0,0,375,13,Ka_Left
0,0,732,131,Ka_Left
0,0,654,79,Ka_Left
0,0,732,109,Ka_Left
63,0,748,41,Ka_Left
0,0,710,34,Ka_Left
114,0,642,23,Ka_Left
187,0,762,40,Ka_Left
178,0,663,24,Ka_Left
80,0,647,23,Ka_Left
184,0,618,29,Ka_Left
72,0,653,25,Ka_Left
136,1,629,27,Ka_Left
76,0,656,30,Ka_Left
0,0,646,37,Ka_Left
114,0,630,39,Ka_Left
0,0,451,21,Ka_Left
0,0,377,23,Ka_Left
0,0,283,17,Ka_Left
0,0,368,24,Ka_Left
0,0,533,27,Ka_Left
150,0,593,22,Ka_Left
62,0,674,42,Ka_Left
189,0,616,30,Ka_Left
0,0,537,44,Ka_Left
0,0,455,38,Ka_Left
167,4,661,39,Ka_Left
0,0,622,35,Ka_Left
80,0,568,20,Ka_Left
194,4,677,38,Ka_Left
0,0,528,27,Ka_Left
1,2,551,109,Ka_Left
1,0,542,38,Ka_Left
0,0,549,41,Ka_Left
0,0,615,21,Ka_Left
2,0,595,23,Ka_Left
0,0,324,19,Ka_Left
0,0,524,21,Ka_Left
88,0,655,20,Ka_Left
0,0,604,19,Ka_Left
0,0,615,33,Ka_Left
0,0,607,16,Ka_Left
0,0,567,20,Ka_Left
0,0,492,24,Ka_Left
0,0,210,17,Ka_Left
0,0,257,18,Ka_Left
0,0,703,40,Ka_Left
0,0,721,43,Ka_Left
0,0,145,18,Ka_Left
0,0,263,23,Ka_Left
0,0,176,9,Ka_Left
0,0,211,18,Ka_Left
1,0,536,22,Ka_Left
0,0,649,18,Ka_Left
0,0,676,29,Ka_Left
0,0,628,23,Ka_Left
0,0,599,30,Ka_Left
0,0,246,11,Ka_Left
0,0,295,11,Ka_Left
0,0,672,20,Ka_Left
0,0,265,14,Ka_Left
3,0,312,9,Ka_Left
1,0,254,10,Ka_Left
0,0,619,26,Ka_Left
2,0,615,30,Ka_Left
0,1,505,28,Ka_Left
0,1,382,30,Ka_Left
0,0,191,6,Ka_Left
0,0,394,26,Ka_Left
0,0,319,21,Ka_Left
0,0,279,19,Ka_Left
0,0,204,18,Ka_Left
0,0,291,17,Ka_Left
0,0,190,13,Ka_Left
0,0,396,28,Ka_Left
0,0,114,16,Ka_Left
0,0,262,9,Ka_Left
0,0,150,2,Ka_Left
0,0,169,11,Ka_Left
4,0,400,26,Ka_Left
0,0,262,16,Ka_Left
0,0,329,28,Ka_Left
0,0,80,14,Ka_Left
0,0,622,45,Ka_Left
0,0,485,37,Ka_Left
0,0,427,28,Ka_Left
0,0,285,18,Ka_Left
0,0,601,29,Ka_Left
0,0,490,20,Ka_Left
0,0,323,18,Ka_Left
0,0,588,32,Ka_Left
0,0,532,27,Ka_Left
0,0,642,17,Ka_Left
0,0,745,29,Ka_Left
0,0,647,24,Ka_Left
0,0,516,32,Ka_Left
0,0,740,48,Ka_Left
0,0,406,10,Ka_Left
0,0,525,22,Ka_Left
0,0,442,19,Ka_Left
0,0,421,16,Ka_Left
0,0,492,27,Ka_Left
183,0,574,35,Ka_Left
0,0,726,92,Ka_Left
0,0,679,72,Ka_Left
0,0,214,13,Ka_Left
0,0,635,30,Ka_Left
0,0,684,34,Ka_Left
0,0,631,20,Ka_Left
0,0,609,28,Ka_Left
0,0,579,24,Ka_Left
0,0,677,26,Ka_Left
0,0,657,24,Ka_Left
0,0,631,30,Ka_Left
0,0,701,24,Ka_Left
0,2,706,26,Ka_Left
0,0,503,14,Ka_Left
0,0,521,23,Ka_Left
0,0,602,23,Ka_Left
0,0,562,17,Ka_Left
0,0,548,20,Ka_Left
0,0,684,67,Ka_Left
0,0,736,95,Ka_Left
2,0,728,111,Ka_Left
0,0,450,13,Ka_Left
0,0,515,16,Ka_Left
0,0,550,36,Ka_Left
0,0,173,6,Ka_Left
0,0,673,38,Ka_Left
0,0,544,21,Ka_Left
0,0,144,4,Ka_Left
0,0,448,20,Ka_Left
0,0,260,9,Ka_Left
0,0,630,26,Ka_Left
0,0,630,20,Ka_Left
0,0,675,23,Ka_Left
0,0,517,19,Ka_Left
0,0,662,23,Ka_Left
0,0,660,17,Ka_Left
0,0,569,41,Ka_Left
0,0,507,20,Ka_Left
0,0,666,49,Ka_Left
0,0,751,119,Ka_Left
0,0,703,54,Ka_Left
0,0,691,76,Ka_Left
0,0,555,36,Ka_Left
0,0,674,53,Ka_Left
0,0,643,58,Ka_Left
0,0,614,57,Ka_Left
0,0,596,40,Ka_Left
0,0,728,28,Ka_Left
0,0,506,29,Ka_Left
2,0,527,25,Ka_Left
0,0,377,18,Ka_Left
0,0,413,23,Ka_Left
0,0,663,19,Ka_Left
0,0,682,23,Ka_Left
0,0,389,18,Ka_Left
0,0,362,9,Ka_Left
0,1,694,50,Ka_Left
0,0,745,146,Ka_Left
0,0,610,116,Ka_Left
0,0,606,56,Ka_Left
0,0,419,14,Ka_Left
0,0,553,34,Ka_Left
0,0,757,148,Ka_Left
0,0,653,64,Ka_Left
0,0,590,31,Ka_Left
0,0,686,89,Ka_Left
0,0,396,24,Ka_Left
0,0,646,46,Ka_Left
0,0,507,13,Ka_Left
0,1,673,50,Ka_Left
0,0,546,55,Ka_Left
0,0,648,77,Ka_Left
0,0,595,50,Ka_Left
0,0,548,49,Ka_Left
0,0,603,39,Ka_Left
0,1,662,46,Ka_Left
0,0,593,43,Ka_Left
0,2,605,38,Ka_Left
0,1,629,43,Ka_Left
0,0,534,32,Ka_Left
0,0,498,33,Ka_Left
0,0,677,35,Ka_Left
0,0,377,21,Ka_Left
0,0,592,26,Ka_Left
0,0,643,24,Ka_Left
0,0,550,43,Ka_Left
0,0,280,29,Ka_Left
1,0,595,187,Ka_Right
0,0,530,151,Ka_Right
0,0,616,217,Ka_Right
0,0,228,29,Ka_Right
0,0,208,32,Ka_Right
2,0,225,28,Ka_Right
0,0,339,35,Ka_Right
0,0,299,25,Ka_Right
0,0,299,30,Ka_Right
0,0,254,26,Ka_Right
0,0,89,12,Ka_Right
0,0,536,229,Ka_Right
0,0,441,237,Ka_Right
0,0,230,48,Ka_Right
0,0,232,47,Ka_Right
0,1,198,62,Ka_Right
0,0,216,35,Ka_Right
3,0,227,32,Ka_Right
1,1,222,26,Ka_Right
0,0,208,32,Ka_Right
0,0,222,23,Ka_Right
0,0,402,247,Ka_Right
0,0,216,37,Ka_Right
0,0,172,74,Ka_Right
0,0,174,27,Ka_Right
0,0,206,18,Ka_Right
0,0,233,32,Ka_Right
0,0,195,27,Ka_Right
0,0,211,25,Ka_Right
0,0,206,15,Ka_Right
0,0,315,49,Ka_Right
0,0,320,130,Ka_Right
2,0,549,160,Ka_Right
0,0,406,109,Ka_Right
0,0,217,34,Ka_Right
0,0,224,31,Ka_Right
0,0,196,28,Ka_Right
1,1,236,20,Ka_Right
0,0,206,27,Ka_Right
0,0,71,17,Ka_Right
0,0,531,154,Ka_Right
0,0,249,29,Ka_Right
0,0,290,44,Ka_Right
0,0,299,33,Ka_Right
0,0,229,29,Ka_Right
0,0,357,32,Ka_Right
0,0,268,23,Ka_Right
0,0,574,188,Ka_Right
1,0,280,20,Ka_Right
0,1,348,112,Ka_Right
0,2,337,92,Ka_Right
0,0,338,125,Ka_Right
0,0,291,143,Ka_Right
0,0,281,152,Ka_Right
0,0,231,96,Ka_Right
0,0,234,27,Ka_Right
0,0,220,53,Ka_Right
0,2,167,57,Ka_Right
0,0,173,22,Ka_Right
0,0,197,22,Ka_Right
0,0,162,24,Ka_Right
0,0,203,18,Ka_Right
0,0,503,200,Ka_Right
0,0,262,122,Ka_Right
0,0,256,35,Ka_Right
0,0,222,44,Ka_Right
0,1,198,18,Ka_Right
0,0,199,38,Ka_Right
0,0,195,31,Ka_Right
0,1,174,22,Ka_Right
0,0,187,15,Ka_Right
0,0,133,14,Ka_Right
0,0,198,23,Ka_Right
0,0,158,20,Ka_Right
0,0,183,17,Ka_Right
0,0,138,51,Ka_Right
0,0,207,14,Ka_Right
0,0,200,26,Ka_Right
0,0,170,22,Ka_Right
0,0,192,18,Ka_Right
0,0,179,19,Ka_Right
0,0,417,145,Ka_Right
0,0,325,105,Ka_Right
0,0,178,28,Ka_Right
0,0,281,119,Ka_Right
0,0,428,221,Ka_Right
0,0,221,30,Ka_Right
0,0,476,193,Ka_Right
0,0,466,224,Ka_Right
0,0,439,178,Ka_Right
0,2,271,112,Ka_Right
0,0,211,41,Ka_Right
0,0,211,22,Ka_Right
0,1,155,18,Ka_Right
0,0,147,54,Ka_Right
0,0,240,26,Ka_Right
0,0,164,40,Ka_Right
0,0,260,10,Ka_Right
0,0,389,115,Ka_Right
0,0,213,43,Ka_Right
0,0,638,281,Ka_Right
0,0,666,226,Ka_Right
0,0,524,55,Ka_Right
4,0,666,292,Ka_Right
0,0,661,185,Ka_Right
145,0,713,301,Ka_Right
0,0,736,350,Ka_Right
0,0,670,227,Ka_Right
0,1,469,40,Ka_Right
0,0,630,190,Ka_Right
0,0,638,110,Ka_Right
0,0,575,84,Ka_Right
0,0,606,247,Ka_Right
232,0,673,266,Ka_Right
56,0,698,222,Ka_Right
0,0,498,63,Ka_Right
0,0,592,158,Ka_Right
0,0,615,218,Ka_Right
0,0,700,271,Ka_Right
0,0,705,227,Ka_Right
0,0,656,234,Ka_Right
0,0,367,84,Ka_Right
2,0,485,208,Ka_Right
0,0,662,193,Ka_Right
0,0,694,221,Ka_Right
0,0,717,291,Ka_Right
0,0,640,195,Ka_Right
66,0,623,223,Ka_Right
69,0,695,256,Ka_Right
0,0,531,228,Ka_Right
81,0,609,241,Ka_Right
0,0,564,96,Ka_Right
65,0,432,214,Ka_Right
0,0,664,273,Ka_Right
56,0,674,229,Ka_Right
0,0,676,339,Ka_Right
0,0,697,392,Ka_Right
0,0,712,385,Ka_Right
0,0,620,230,Ka_Right
0,0,682,258,Ka_Right
0,0,658,295,Ka_Right
0,0,694,230,Ka_Right
147,0,663,244,Ka_Right
0,0,643,132,Ka_Right
0,0,562,107,Ka_Right
187,0,626,222,Ka_Right
0,0,458,27,Ka_Right
141,0,420,187,Ka_Right
0,0,451,48,Ka_Right
159,0,643,246,Ka_Right
16,0,645,145,Ka_Right
0,0,218,8,Ka_Right
0,0,274,20,Ka_Right
48,0,612,144,Ka_Right
130,0,555,205,Ka_Right
98,0,652,245,Ka_Right
0,0,594,172,Ka_Right
85,1,461,212,Ka_Right
51,0,411,136,Ka_Right
75,0,456,273,Ka_Right
0,0,615,253,Ka_Right
107,0,669,228,Ka_Right
0,0,661,234,Ka_Right
50,0,532,243,Ka_Right
1,0,566,325,Ka_Right
0,0,404,27,Ka_Right
0,0,636,152,Ka_Right
0,0,650,171,Ka_Right
0,0,614,192,Ka_Right
80,0,650,201,Ka_Right
91,0,625,220,Ka_Right
36,0,615,238,Ka_Right
13,0,632,305,Ka_Right
0,0,529,243,Ka_Right
0,0,657,265,Ka_Right
0,0,675,250,Ka_Right
0,0,670,286,Ka_Right
0,0,511,246,Ka_Right
0,0,572,121,Ka_Right
0,0,683,197,Ka_Right
0,0,266,24,Ka_Right
0,0,614,217,Ka_Right
0,0,661,260,Ka_Right
0,0,693,232,Ka_Right
0,0,226,12,Ka_Right
96,0,602,238,Ka_Right
0,0,664,195,Ka_Right
0,0,649,195,Ka_Right
234,0,708,341,Ka_Right
0,1,666,297,Ka_Right
0,0,638,142,Ka_Right
0,0,741,322,Ka_Right
0,0,605,214,Ka_Right
0,0,638,238,Ka_Right
0,2,748,326,Ka_Right
0,0,516,113,Ka_Right
0,0,365,120,Ka_Right
0,0,397,234,Ka_Right
85,0,687,245,Ka_Right
0,0,647,190,Ka_Right
358,1,710,240,Noise
711,0,811,471,Noise
730,1,808,442,Noise
747,3,814,412,Noise
776,2,799,409,Noise
784,0,754,424,Noise
743,0,764,443,Noise
622,1,692,332,Noise
0,0,436,29,Noise
4,0,299,20,Noise
0,1,206,15,Noise
0,0,194,21,Noise
64,0,568,217,Noise
765,0,770,439,Noise
800,1,783,416,Noise
800,0,732,380,Noise
787,2,694,354,Noise
755,0,712,272,Noise
6,0,375,42,Noise
0,0,287,31,Noise
0,0,247,18,Noise
0,0,190,9,Noise
0,0,704,354,Noise
0,0,755,269,Noise
0,0,744,309,Noise
0,0,781,369,Noise
1,1,759,375,Noise
0,2,805,432,Noise
0,0,808,469,Noise
0,0,777,344,Noise
0,0,769,511,Noise
0,2,784,406,Noise
1,0,702,339,Noise
0,0,593,36,Noise
0,0,384,24,Noise
0,0,405,30,Noise
0,0,359,26,Noise
0,0,272,17,Noise
0,0,263,12,Noise
0,0,218,17,Noise
0,0,362,284,Noise
0,0,743,361,Noise
0,0,681,316,Noise
469,0,542,77,Noise
0,0,287,16,Noise
0,0,233,9,Noise
0,0,182,15,Noise
0,0,185,8,Noise
0,0,506,18,Noise
0,0,658,365,Noise
0,0,273,16,Noise
1,0,199,13,Noise
3,0,75,3,Noise
469,2,257,10,Noise
0,0,242,14,Noise
0,1,601,249,Noise
30,0,585,325,Noise
805,1,823,509,Noise
784,1,717,432,Noise
831,1,739,419,Noise
836,2,740,402,Noise
839,2,725,384,Noise
803,1,743,361,Noise
92,0,531,41,Noise
0,0,285,21,Noise
0,0,271,22,Noise
0,0,190,7,Noise
0,0,166,12,Noise
0,0,160,8,Noise
669,2,657,300,Noise
781,1,721,412,Noise
784,2,727,376,Noise
741,2,681,316,Noise
699,1,663,350,Noise
608,2,666,206,Noise
0,0,314,26,Noise
0,1,329,22,Noise
0,0,351,15,Noise
0,0,341,24,Noise
525,2,665,299,Noise
672,1,704,346,Noise
713,1,698,280,Noise
734,1,708,286,Noise
565,1,604,233,Noise
3,0,208,18,Noise
0,0,216,8,Noise
0,0,218,15,Noise
0,0,190,12,Noise
668,0,627,354,Noise
789,1,728,334,Noise
813,2,704,277,Noise
793,3,659,240,Noise
817,1,681,249,Noise
807,3,688,247,Noise
826,1,676,239,Noise
846,1,627,248,Noise
853,2,664,349,Noise
762,1,657,376,Noise
804,3,720,378,Noise
841,1,744,419,Noise
319,0,139,19,Noise
818,2,709,341,Noise
779,2,739,368,Noise
772,1,770,370,Noise
760,2,778,361,Noise
104,0,464,36,Noise
0,0,320,18,Noise
0,0,190,14,Noise
0,0,188,14,Noise
0,0,205,13,Noise
776,2,799,440,Noise
787,3,786,425,Noise
743,1,770,386,Noise
0,0,392,38,Noise
0,0,206,16,Noise
0,0,185,12,Noise
0,0,136,8,Noise
494,5,619,246,Noise
797,1,780,429,Noise
797,1,750,368,Noise
0,0,375,37,Noise
0,0,197,14,Noise
0,0,106,15,Noise
1,0,104,13,Noise
0,3,115,28,Noise
578,1,693,397,Noise
809,1,778,438,Noise
810,1,763,376,Noise
802,3,765,302,Noise
0,0,358,34,Noise
0,0,168,29,Noise
0,0,128,5,Noise
0,0,114,15,Noise
0,0,128,3,Noise
0,0,179,16,Noise
726,0,718,433,Noise
592,2,439,270,Noise
796,1,686,446,Noise
598,2,593,365,Noise
206,0,388,85,Noise
0,0,262,24,Noise
0,2,248,11,Noise
0,1,291,9,Noise
0,0,261,11,Noise
0,2,246,12,Noise
218,0,487,54,Noise
831,2,772,370,Noise
848,3,710,308,Noise
806,1,711,260,Noise
0,0,256,14,Noise
0,0,97,17,Noise
88,0,248,15,Noise
793,0,715,380,Noise
821,1,740,391,Noise
769,1,766,481,Noise
736,0,770,482,Noise
687,0,774,548,Noise
644,0,791,543,Noise
538,0,793,513,Noise
586,1,807,510,Noise
651,0,816,509,Noise
713,1,787,531,Noise
726,0,801,539,Noise
732,1,785,532,Noise
760,1,781,489,Noise
748,1,778,463,Noise
770,1,780,492,Noise
777,0,794,538,Noise
775,0,773,496,Noise
766,0,749,409,Noise
340,0,715,461,Noise
38,0,666,415,Noise
160,0,661,342,Noise
72,0,660,228,Noise
0,0,386,16,Noise
0,0,448,23,Noise
316,1,581,302,Noise
727,1,736,411,Noise
786,2,748,400,Noise
800,2,734,393,Noise
791,0,755,381,Noise
735,0,733,328,Noise
0,0,471,33,Noise
0,0,452,40,Noise
0,0,408,32,Noise
0,0,388,26,Noise
0,0,419,29,Noise
0,0,345,20,Noise
0,0,321,14,Noise
0,0,314,22,Noise
0,0,276,18,Noise
0,0,279,18,Noise
1,0,276,15,Noise
0,0,257,12,Noise
81,0,17,10,Noise
0,0,388,147,Noise
778,1,753,340,Noise
693,3,759,333,Noise
0,0,357,22,Noise
1,0,181,12,Noise
